origen,destino,peso,unidad,linea,distancia_km,estado,fuente
V01,V02,5.5,minutos,Roja,1.2,ESTIMADO,Tiempo y longitud total de la línea (mapa publicado) dividido entre 2 tramos
V02,V03,5.5,minutos,Roja,1.2,ESTIMADO,Tiempo y longitud total de la línea (mapa publicado) dividido entre 2 tramos
V08,V09,5.67,minutos,Amarilla,1.3,ESTIMADO,Tiempo y longitud total de la línea (mapa publicado) dividido entre 3 tramos
V09,V10,5.67,minutos,Amarilla,1.3,ESTIMADO,Tiempo y longitud total de la línea (mapa publicado) dividido entre 3 tramos
V10,V11,5.67,minutos,Amarilla,1.3,ESTIMADO,Tiempo y longitud total de la línea (mapa publicado) dividido entre 3 tramos
V11,V12,5.33,minutos,Verde,1.23,ESTIMADO,Tiempo y longitud total de la línea (mapa publicado) dividido entre 3 tramos
V12,V13,5.33,minutos,Verde,1.23,ESTIMADO,Tiempo y longitud total de la línea (mapa publicado) dividido entre 3 tramos
V13,V14,5.33,minutos,Verde,1.23,ESTIMADO,Tiempo y longitud total de la línea (mapa publicado) dividido entre 3 tramos
V03,V04,5.25,minutos,Azul,1.18,ESTIMADO,Tiempo y longitud total de la línea (mapa publicado) dividido entre 4 tramos
V04,V05,5.25,minutos,Azul,1.18,ESTIMADO,Tiempo y longitud total de la línea (mapa publicado) dividido entre 4 tramos
V05,V06,5.25,minutos,Azul,1.18,ESTIMADO,Tiempo y longitud total de la línea (mapa publicado) dividido entre 4 tramos
V06,V07,5.25,minutos,Azul,1.18,ESTIMADO,Tiempo y longitud total de la línea (mapa publicado) dividido entre 4 tramos
V01,V15,4.0,minutos,Naranja,0.87,ESTIMADO,Tiempo y longitud total de la línea (mapa publicado) dividido entre 3 tramos
V15,V16,4.0,minutos,Naranja,0.87,ESTIMADO,Tiempo y longitud total de la línea (mapa publicado) dividido entre 3 tramos
V16,V17,4.0,minutos,Naranja,0.87,ESTIMADO,Tiempo y longitud total de la línea (mapa publicado) dividido entre 3 tramos
V17,V18,4.0,minutos,Blanca,0.97,ESTIMADO,Tiempo y longitud total de la línea (mapa publicado) dividido entre 3 tramos
V18,V19,4.0,minutos,Blanca,0.97,ESTIMADO,Tiempo y longitud total de la línea (mapa publicado) dividido entre 3 tramos
V19,V20,4.0,minutos,Blanca,0.97,ESTIMADO,Tiempo y longitud total de la línea (mapa publicado) dividido entre 3 tramos
V11,V20,3.33,minutos,Celeste,0.87,ESTIMADO,Tiempo y longitud total de la línea (mapa publicado) dividido entre 3 tramos
V20,V21,3.33,minutos,Celeste,0.87,ESTIMADO,Tiempo y longitud total de la línea (mapa publicado) dividido entre 3 tramos
V21,V22,3.33,minutos,Celeste,0.87,ESTIMADO,Tiempo y longitud total de la línea (mapa publicado) dividido entre 3 tramos
V23,V24,8.0,minutos,Morada,2.15,ESTIMADO,Tiempo y longitud total de la línea (mapa publicado) dividido entre 2 tramos
V24,V25,8.0,minutos,Morada,2.15,ESTIMADO,Tiempo y longitud total de la línea (mapa publicado) dividido entre 2 tramos
V18,V26,4.0,minutos,Café,0.7,ESTIMADO,Tiempo y longitud total de la línea (mapa publicado) dividido entre 1 tramos
V03,V24,6.0,minutos,Plateada,1.3,ESTIMADO,Tiempo y longitud total de la línea (mapa publicado) dividido entre 2 tramos
V24,V08,6.0,minutos,Plateada,1.3,ESTIMADO,Tiempo y longitud total de la línea (mapa publicado) dividido entre 2 tramos
V25,V22,8.0,minutos,Peatonal,0.4,ESTIMADO,"Caminata San José-Prado (no es transbordo oficial; se sale a la calle y se paga otro pasaje). Medir caminando"
