origen,destino,tramo,linea,fecha,hora,lugar,responsable,t1_seg,t2_seg,t3_seg,observaciones
V01,V02,Estación Central - Cementerio,Roja,,,,,,,,
V02,V03,Cementerio - 16 de Julio,Roja,,,,,,,,
V08,V09,Mirador - Buenos Aires,Amarilla,,,,,,,,
V09,V10,Buenos Aires - Sopocachi,Amarilla,,,,,,,,
V10,V11,Sopocachi - Libertador,Amarilla,,,,,,,,
V11,V12,Libertador - Alto Obrajes,Verde,,,,,,,,
V12,V13,Alto Obrajes - Obrajes,Verde,,,,,,,,
V13,V14,Obrajes - Irpavi,Verde,,,,,,,,
V03,V04,16 de Julio - Plaza Libertad,Azul,,,,,,,,
V04,V05,Plaza Libertad - Plaza La Paz,Azul,,,,,,,,
V05,V06,Plaza La Paz - UPEA,Azul,,,,,,,,
V06,V07,UPEA - Río Seco,Azul,,,,,,,,
V01,V15,Estación Central - Armentia,Naranja,,,,,,,,
V15,V16,Armentia - Periférica,Naranja,,,,,,,,
V16,V17,Periférica - Plaza Villarroel,Naranja,,,,,,,,
V17,V18,Plaza Villarroel - Monumento Busch,Blanca,,,,,,,,
V18,V19,Monumento Busch - Plaza Triangular,Blanca,,,,,,,,
V19,V20,Plaza Triangular - Av. del Poeta,Blanca,,,,,,,,
V11,V20,Libertador - Av. del Poeta,Celeste,,,,,,,,
V20,V21,Av. del Poeta - Teatro al Aire Libre,Celeste,,,,,,,,
V21,V22,Teatro al Aire Libre - Prado,Celeste,,,,,,,,
V23,V24,6 de Marzo - Faro Murillo,Morada,,,,,,,,
V24,V25,Faro Murillo - San José,Morada,,,,,,,,
V18,V26,Monumento Busch - Las Villas,Café,,,,,,,,
V03,V24,16 de Julio - Faro Murillo,Plateada,,,,,,,,
V24,V08,Faro Murillo - Mirador,Plateada,,,,,,,,
V25,V22,San José - Prado,Peatonal,,,,,,,,
